Date;Name;Path;Short Hash;Full Hash;Download link
2021-05-27T06:48:55Z;text.sql;https://gitlab.com/Bloodies/Testing/-/blob/main/text.sql;35c298e5;35c298e59f78be9b7cb5302685b32af4adaaef41;https://gitlab.com/Bloodies/Testing/-/raw/main/text.sql?inline=false
2021-05-27T06:48:55Z;text1.sql;https://gitlab.com/Bloodies/Testing/-/blob/main/test1/text1.sql;35c298e5;35c298e59f78be9b7cb5302685b32af4adaaef41;https://gitlab.com/Bloodies/Testing/-/raw/main/test1/text1.sql?inline=false
2021-05-26T11:01:16Z;text2.sql;https://gitlab.com/Bloodies/Testing/-/blob/main/test1/text2.sql;9c519930;9c5199304eac4686f2d0cb0601d9b5045282c410;https://gitlab.com/Bloodies/Testing/-/raw/main/test1/text2.sql?inline=false
2021-05-26T11:01:16Z;text3.sql;https://gitlab.com/Bloodies/Testing/-/blob/main/test1/text3.sql;9c519930;9c5199304eac4686f2d0cb0601d9b5045282c410;https://gitlab.com/Bloodies/Testing/-/raw/main/test1/text3.sql?inline=false
2021-05-26T11:01:16Z;text4.sql;https://gitlab.com/Bloodies/Testing/-/blob/main/test1/text4.sql;9c519930;9c5199304eac4686f2d0cb0601d9b5045282c410;https://gitlab.com/Bloodies/Testing/-/raw/main/test1/text4.sql?inline=false
2021-05-26T11:01:16Z;text1.sql;https://gitlab.com/Bloodies/Testing/-/blob/main/test2/text1.sql;9c519930;9c5199304eac4686f2d0cb0601d9b5045282c410;https://gitlab.com/Bloodies/Testing/-/raw/main/test2/text1.sql?inline=false
2021-05-26T11:01:16Z;text2.sql;https://gitlab.com/Bloodies/Testing/-/blob/main/test2/text2.sql;9c519930;9c5199304eac4686f2d0cb0601d9b5045282c410;https://gitlab.com/Bloodies/Testing/-/raw/main/test2/text2.sql?inline=false
2021-05-26T11:01:16Z;text3.sql;https://gitlab.com/Bloodies/Testing/-/blob/main/test2/text3.sql;9c519930;9c5199304eac4686f2d0cb0601d9b5045282c410;https://gitlab.com/Bloodies/Testing/-/raw/main/test2/text3.sql?inline=false
2021-05-26T11:01:16Z;text4.sql;https://gitlab.com/Bloodies/Testing/-/blob/main/test2/text4.sql;9c519930;9c5199304eac4686f2d0cb0601d9b5045282c410;https://gitlab.com/Bloodies/Testing/-/raw/main/test2/text4.sql?inline=false
2021-05-26T11:01:16Z;text11.sql;https://gitlab.com/Bloodies/Testing/-/blob/main/test1/test11/text11.sql;9c519930;9c5199304eac4686f2d0cb0601d9b5045282c410;https://gitlab.com/Bloodies/Testing/-/raw/main/test1/test11/text11.sql?inline=false
2021-05-26T11:01:16Z;text12.sql;https://gitlab.com/Bloodies/Testing/-/blob/main/test1/test11/text12.sql;9c519930;9c5199304eac4686f2d0cb0601d9b5045282c410;https://gitlab.com/Bloodies/Testing/-/raw/main/test1/test11/text12.sql?inline=false
2021-05-26T11:01:16Z;text13.sql;https://gitlab.com/Bloodies/Testing/-/blob/main/test1/test11/text13.sql;9c519930;9c5199304eac4686f2d0cb0601d9b5045282c410;https://gitlab.com/Bloodies/Testing/-/raw/main/test1/test11/text13.sql?inline=false
2021-05-26T11:01:16Z;text14.sql;https://gitlab.com/Bloodies/Testing/-/blob/main/test1/test11/text14.sql;9c519930;9c5199304eac4686f2d0cb0601d9b5045282c410;https://gitlab.com/Bloodies/Testing/-/raw/main/test1/test11/text14.sql?inline=false
2021-05-26T11:01:16Z;text21.sql;https://gitlab.com/Bloodies/Testing/-/blob/main/test1/test12/text21.sql;9c519930;9c5199304eac4686f2d0cb0601d9b5045282c410;https://gitlab.com/Bloodies/Testing/-/raw/main/test1/test12/text21.sql?inline=false
2021-05-26T11:01:16Z;text22.sql;https://gitlab.com/Bloodies/Testing/-/blob/main/test1/test12/text22.sql;9c519930;9c5199304eac4686f2d0cb0601d9b5045282c410;https://gitlab.com/Bloodies/Testing/-/raw/main/test1/test12/text22.sql?inline=false
2021-05-26T11:01:16Z;text23.sql;https://gitlab.com/Bloodies/Testing/-/blob/main/test1/test12/text23.sql;9c519930;9c5199304eac4686f2d0cb0601d9b5045282c410;https://gitlab.com/Bloodies/Testing/-/raw/main/test1/test12/text23.sql?inline=false
2021-05-26T11:01:16Z;text24.sql;https://gitlab.com/Bloodies/Testing/-/blob/main/test1/test12/text24.sql;9c519930;9c5199304eac4686f2d0cb0601d9b5045282c410;https://gitlab.com/Bloodies/Testing/-/raw/main/test1/test12/text24.sql?inline=false
